session_id,src_ip,src_port,start_ts,instance
S-1767942088,127.0.0.1,62543,1767942088.6443667,default
S-1767942088,127.0.0.1,62544,1767942088.8460364,default
