session_id,src_ip,src_port,start_ts,instance
S-1768933303,127.0.0.1,58043,1768933303.3190005,default
S-1768933303,127.0.0.1,58044,1768933303.8280025,default
