session_id,src_ip,src_port,start_ts,instance
S-1768933348,127.0.0.1,60690,1768933348.483431,default
S-1768933348,127.0.0.1,60691,1768933348.9921567,default
