session_id,src_ip,src_port,start_ts,instance
S-1769709063,127.0.0.1,58396,1769709063.2195365,default
S-1769709063,127.0.0.1,58397,1769709063.744865,default
