session_id,src_ip,src_port,start_ts,instance
S-1768121800,127.0.0.1,54027,1768121800.1493165,default
S-1768121800,127.0.0.1,54028,1768121800.6584105,default
