session_id,src_ip,src_port,start_ts,instance
S-1768932661,127.0.0.1,65250,1768932661.0825224,default
S-1768932661,127.0.0.1,65251,1768932661.593805,default
